"Guid","AccountSource","AnnualRevenue","BillingCity","BillingCountry","BillingGeocodeAccuracy","BillingLatitude","BillingLongitude","BillingPostalCode","BillingState","BillingStreet","Description","Fax","Industry","IsCustomerPortal","Jigsaw","Name","NumberOfEmployees","ParentId","Phone","ShippingCity","ShippingCountry","ShippingGeocodeAccuracy","ShippingLatitude","ShippingLongitude","ShippingPostalCode","ShippingState","ShippingStreet","SicDesc","Type","Website"
01bd8144-0d1a-4287-9e89-e522f65ce92d,"#N/A",4.8851E10,New York,United States,"#N/A","#N/A","#N/A",10017-5703,NY,235 E 42nd St,Procurabl Holdings Inc. is the leader in Manufacturing in New York,"#N/A",Manufacturing,false,"#N/A",Mybuzz,"#N/A","#N/A",1.212.733.2323,"#N/A","#N/A","#N/A","#N/A","#N/A","#N/A","#N/A","#N/A","#N/A",Customer,"#N/A"
023cbe4d-7fdb-4e87-ab37-00e396eb56d8,"#N/A",1.46801E11,Dallas,United States,"#N/A","#N/A","#N/A",75202-4295,TX,208 S Akard St,"Regal Machine, Inc. is the leader in Automotive in Dallas","#N/A",Automotive,false,"#N/A",Eadel,"#N/A","#N/A",1.210.821.4105,"#N/A","#N/A","#N/A","#N/A","#N/A","#N/A","#N/A","#N/A","#N/A",Customer,"#N/A"
04c6b819-ca36-4246-aeab-6cf1f8ef76a3,"#N/A",2.89485471E8,Berlin,Germany,"#N/A","#N/A","#N/A","#N/A",Berlin,1011 Centre Road,0015f000008wDaiAAE,"#N/A",Biotechnology,false,"#N/A",Babblestorm,"#N/A","#N/A","#N/A","#N/A","#N/A","#N/A","#N/A","#N/A","#N/A","#N/A","#N/A","#N/A",Prospect,"#N/A"
05162063-cf78-4291-8219-64f0c71117e9,"#N/A",8.0231577E7,Caringbah,Australia,"#N/A","#N/A","#N/A",1495,NSW,10/33-37 Gannons Rd,Nick Ciapetta Hospital is the leader in Healthcare in Caringbah,"#N/A",Healthcare,false,"#N/A",Twimm,"#N/A","#N/A",(02) 6905 6165,Caringbah,Australia,"#N/A","#N/A","#N/A",1495,NSW,10/33-37 Gannons Rd,"#N/A",Prospect,"#N/A"
05d187c7-356b-4494-893b-0ae41c76cd75,"#N/A",3.7897E10,New York,United States,"#N/A","#N/A","#N/A",10036-8200,NY,1585 Broadway,"Clearcoat, LLC is the leader in Automotive in New York","#N/A",Automotive,false,"#N/A",Dazzlesphere,"#N/A","#N/A",1.212.761.4000,"#N/A","#N/A","#N/A","#N/A","#N/A","#N/A","#N/A",200 George Street,"#N/A",Prospect,"#N/A"
064f1a13-6222-4d7e-bbd0-03ccf71a5f97,"#N/A","#N/A","#N/A","#N/A","#N/A","#N/A","#N/A","#N/A",OH,"#N/A","#N/A","#N/A",Entertainment,false,"#N/A",Cedar Point,2600,"#N/A","#N/A","#N/A","#N/A","#N/A","#N/A","#N/A","#N/A","#N/A","#N/A","#N/A",Customer,"#N/A"
08076b38-ddeb-4b1f-ae62-77aff8f51e00,"#N/A",7.6279E10,Cincinnati,United States,"#N/A","#N/A","#N/A",45202-3393,OH,1 Procter and Gamble Plz,ADM Goods is the leader in Consumer Goods in Cincinnati,"#N/A",Consumer Goods,false,"#N/A",Voonix,"#N/A","#N/A",1.513.983.1100,Cincinnati,US,"#N/A","#N/A","#N/A",45201-0599,OH,P.O. BOX 599,"#N/A",Customer,"#N/A"
0817c67e-29be-454d-bc26-5faf6e1f9378,"#N/A",5.29570951E8,Ballan,Australia,"#N/A","#N/A","#N/A",3342,VIC,18 McMahon Dr,Minuteman Cafe is the leader in Apparel in Ballan,"#N/A",Apparel,false,"#N/A",Agimba,"#N/A","#N/A",(03) 8664 6673,Ballan,Australia,"#N/A","#N/A","#N/A",3342,VIC,18 McMahon Dr,"#N/A",Customer,"#N/A"
08943fa9-6f3c-4b3b-b58b-c5ccabacbf17,"#N/A","#N/A","#N/A","#N/A","#N/A","#N/A","#N/A","#N/A","#N/A","#N/A","#N/A","#N/A","#N/A",false,"#N/A",Pizza Hut,"#N/A","#N/A","#N/A","#N/A","#N/A","#N/A","#N/A","#N/A","#N/A","#N/A","#N/A","#N/A","#N/A","#N/A"
09e40276-6bec-48d0-bfc7-7a3c02f79191,"#N/A",1.46231103E8,Welwyn Garden City,United Kingdom,"#N/A","#N/A","#N/A",AL7 1GA,"#N/A","Tesco House, Shire Park, Kestrel Way",Western Gas & Electric is the leader in Biotechnology,"#N/A",Biotechnology,false,"#N/A",Meeveo,"#N/A","#N/A","#N/A","#N/A","#N/A","#N/A","#N/A","#N/A","#N/A","#N/A","Tesco House, Shire Park, Kestrel Way","#N/A",Customer,"#N/A"
0de54849-cb2a-4583-a151-a23bb0f1e221,"#N/A",4.9161E10,San Jose,United States,"#N/A","#N/A","#N/A",95134-1706,CA,170 W Tasman Dr,Franklin Research College is the leader in Higher Education in San Jose,"#N/A",Higher Education,false,"#N/A",Oozz,"#N/A","#N/A",1.408.526.4000,"#N/A","#N/A","#N/A","#N/A","#N/A","#N/A","#N/A","#N/A","#N/A",Customer,"#N/A"
115cdea2-e4b6-4173-8fc7-809515acb22a,"#N/A",3.46761E10,New York,United States,"#N/A","#N/A","#N/A",10017-4108,NY,708 3rd Ave Rm 1500,First Response Relief Services is the leader in Non Profit in New York,"#N/A",Non Profit,false,"#N/A",Browsetype,"#N/A","#N/A",1.212.485.3500,"#N/A","#N/A","#N/A","#N/A","#N/A","#N/A","#N/A",708 3rd Ave Rm 1500,"#N/A",Customer,"#N/A"
131295a4-b3b0-4e09-8ad1-c912047d9803,"#N/A",5.9074E10,Mooresville,United States,"#N/A","#N/A","#N/A",28117-8520,NC,1000 Lowes Blvd,Finley Companies is the leader in Consumer Goods in Mooresville,"#N/A",Consumer Goods,false,"#N/A",Tazzy,"#N/A","#N/A",1.704.758.1000,Mooresville,US,"#N/A","#N/A","#N/A",28115-1000,NC,P.O. BOX 1000,"#N/A",Prospect,"#N/A"
14189edd-f785-4ea6-a78a-bb20e2e6fa29,"#N/A",1.89091733E8,Riverview,Australia,"#N/A","#N/A","#N/A",2066,NSW,28a College Rd S,QWERTY Logistics is the leader in Manufacturing in Riverview,"#N/A",Manufacturing,false,"#N/A",Dynabox,"#N/A","#N/A",(02) 8954 8573,Riverview,Australia,"#N/A","#N/A","#N/A",2066,NSW,28a College Rd S,"#N/A",Prospect,"#N/A"
15c50b47-ed7d-4949-bb67-62763b0d9a7b,"#N/A",3.7179E10,Milwaukee,United States,"#N/A","#N/A","#N/A",53209-4408,WI,5757 N Green Bay Ave,General Forge and Foundry is the leader in Machinery in Milwaukee,"#N/A",Machinery,false,"#N/A",Voomm,"#N/A","#N/A",1.414.524.1200,Milwaukee,US,"#N/A","#N/A","#N/A",53201-0591,WI,P.O. BOX 591,"#N/A",Prospect,"#N/A"
16717f45-2b8e-4e97-b42d-45c8d93bfe8a,"#N/A",8.7804E10,San Antonio,United States,"#N/A","#N/A","#N/A",78249-1616,TX,1 Valero Way,Feed the Kids is the leader in Non Profit in San Antonio,"#N/A",Non Profit,false,"#N/A",Feedbug,"#N/A","#N/A",1.210.345.2000,San Antonio,US,"#N/A","#N/A","#N/A",78269-6000,TX,P.O. BOX 696000,"#N/A",Prospect,"#N/A"
167f2bd1-51f8-4849-84c8-3b5c90678801,"#N/A",6574015.0,Danbury,United States,"#N/A","#N/A","#N/A",6816,CT,5898 Superior Street,"#N/A","#N/A",Insurance,false,"#N/A",Thoughtblab,"#N/A","#N/A","#N/A","#N/A","#N/A","#N/A","#N/A","#N/A","#N/A","#N/A","#N/A","#N/A",Prospect,"#N/A"
192ce0e6-6ed3-416d-a2ae-f6f2a52ba56f,"#N/A",3645701.0,Bloomington,United States,"#N/A","#N/A","#N/A",47405,IN,2 Graceland Street,"#N/A","#N/A",Manufacturing,false,"#N/A",Photobug,"#N/A","#N/A","#N/A","#N/A","#N/A","#N/A","#N/A","#N/A","#N/A","#N/A","#N/A","#N/A",Prospect,"#N/A"
1b3cc22a-409d-45da-a60e-ecf8cabf9414,"#N/A","#N/A","#N/A","#N/A","#N/A","#N/A","#N/A","#N/A","#N/A","#N/A","#N/A","#N/A","#N/A",false,"#N/A",Demo Test,"#N/A","#N/A","#N/A","#N/A","#N/A","#N/A","#N/A","#N/A","#N/A","#N/A","#N/A","#N/A","#N/A","#N/A"
1c9b5baa-5af0-48a9-adea-6a269aa6d400,"#N/A","#N/A","#N/A","#N/A","#N/A","#N/A","#N/A","#N/A","#N/A","#N/A","#N/A","#N/A",Entertainment,false,"#N/A",Universal Studios,"#N/A","#N/A","#N/A","#N/A","#N/A","#N/A","#N/A","#N/A","#N/A","#N/A","#N/A","#N/A",Prospect,"#N/A"
1d004cc1-0488-4970-b607-05be5d5ba269,"#N/A",6.30331409E8,Tokyo,Japan,"#N/A","#N/A","#N/A","#N/A","#N/A",1 Toyota-Cho,Widget Corp is the leader in Technology,"#N/A",Technology,false,"#N/A",Tagopia,"#N/A","#N/A","#N/A","#N/A","#N/A","#N/A","#N/A","#N/A","#N/A","#N/A",4 Riverside Rd,"#N/A",Customer,"#N/A"
1dfb5a38-6d10-469e-94ad-cee8fab36e53,"#N/A",1.5566896E7,Flushing,United States,"#N/A","#N/A","#N/A",11355,NY,066 Grayhawk Road,"#N/A","#N/A",Utilities,false,"#N/A",Wordware,"#N/A","#N/A","#N/A","#N/A","#N/A","#N/A","#N/A","#N/A","#N/A","#N/A","#N/A","#N/A",Prospect,"#N/A"
1e8455da-5fe1-4b6a-a779-a4eb88cf1c08,"#N/A",1.35962E11,Chesterbrook,United States,"#N/A","#N/A","#N/A",19087-5594,PA,1300 Morris Dr Ste 100,Apogee Corp. is the leader in Manufacturing in Chesterbrook,"#N/A",Manufacturing,false,"#N/A",Divavu,"#N/A","#N/A",1.610.727.7000,Valley Forge,US,"#N/A","#N/A","#N/A",19482-0959,PA,P.O. BOX 959,"#N/A",Customer,"#N/A"
20231db7-2c44-48ad-b092-386242d44890,"#N/A",4.33338781E8,Docklands,Australia,"#N/A","#N/A","#N/A",3008,VIC,50 Kerra Way,Gizmonic Institute is the leader in Media in Docklands,"#N/A",Media,false,"#N/A",Ooba,"#N/A","#N/A",(03) 6257 7887,Docklands,Australia,"#N/A","#N/A","#N/A",3008,VIC,50 Kerra Way,"#N/A",Customer,"#N/A"
2100676e-7c4f-4e08-bba1-0481ec0b7cfa,"#N/A",4.15880303E8,Balaclava,Australia,"#N/A","#N/A","#N/A",3183,VIC,5/5a The Avenue,Praveen Kagalkar Hospital is the leader in Healthcare in Balaclava,"#N/A",Healthcare,false,"#N/A",Babbleopia,"#N/A","#N/A",(03) 8569 6279,Balaclava,Australia,"#N/A","#N/A","#N/A",3183,VIC,5/5a The Avenue,"#N/A",Customer,"#N/A"
224c4fcd-aadd-46ab-84d7-f732a9a65628,"#N/A","#N/A","#N/A","#N/A","#N/A","#N/A","#N/A","#N/A",TX,"#N/A","#N/A","#N/A",Entertainment,false,"#N/A",Six Flags Entertainment,"#N/A","#N/A","#N/A","#N/A","#N/A","#N/A","#N/A","#N/A","#N/A","#N/A","#N/A","#N/A",Prospect,"#N/A"
2679a79f-dad1-41b5-95dc-3b104b864826,"#N/A",6.524859542E9,Palo Alto,United States,"#N/A","#N/A","#N/A",35265,CA,3500 Deer Creek Road,123 Warehousing is the leader in Shipping in Palo Alto,"#N/A",Shipping,false,"#N/A",Camimbo,"#N/A","#N/A",5552652358,"#N/A","#N/A","#N/A","#N/A","#N/A","#N/A","#N/A","#N/A","#N/A",Customer,"#N/A"
26f4298c-1a45-4134-bc0c-b4bf3af005a9,"#N/A",1.89167866E8,Zurich,Switzerland,"#N/A","#N/A","#N/A","#N/A","#N/A",avenue Nestlé 55,TSM North is the leader in Healthcare,"#N/A",Healthcare,false,"#N/A",Topicware,"#N/A","#N/A","#N/A","#N/A","#N/A","#N/A","#N/A","#N/A","#N/A","#N/A","#N/A","#N/A",Customer,"#N/A"
27fe2084-d41f-49f5-b1ca-662e647c07a7,"#N/A",2.70279E10,Houston,United States,"#N/A","#N/A","#N/A",77002-5432,TX,1100 Louisiana St FL 10,Sylvia Birungi Hospital is the leader in Healthcare in Houston,"#N/A",Healthcare,false,"#N/A",Vipe,"#N/A","#N/A",1.713.381.6500,Houston,US,"#N/A","#N/A","#N/A",77210-4324,TX,P.O. BOX 4324,"#N/A",Prospect,"#N/A"
2cfe41d8-2b23-4260-9506-6d173413b027,"#N/A",2.55815146E8,Annerley,Australia,"#N/A","#N/A","#N/A",4103,QLD,10 Wingfield St,Chez Quis is the leader in Retail in Annerley,"#N/A",Retail,false,"#N/A",Rhycero,"#N/A","#N/A",(07) 6433 7486,Annerley,Australia,"#N/A","#N/A","#N/A",4103,QLD,10 Wingfield St,"#N/A",Customer,"#N/A"
2d2d73fe-d5ed-4411-ba80-c677b9024af6,"#N/A",3.9528E10,Richfield,United States,"#N/A","#N/A","#N/A",55423-3683,MN,7601 Penn Ave S,"Kustodial Services, LLC is the leader in Services in Richfield","#N/A",Services,false,"#N/A",Avaveo,"#N/A","#N/A",1.612.291.1000,"#N/A","#N/A","#N/A","#N/A","#N/A","#N/A","#N/A","#N/A","#N/A",Customer,"#N/A"
2dae80bb-e7dc-4e52-820d-564cfd5b6a85,"#N/A",5.45047272E8,Mead,USA,"#N/A","#N/A","#N/A",80547,CO,920 Sylvan Ave,Three Waters is the leader in Communications,"#N/A",Communications,false,"#N/A",Wikibox,"#N/A","#N/A","#N/A","#N/A","#N/A","#N/A","#N/A","#N/A","#N/A","#N/A","#N/A","#N/A",Prospect,"#N/A"
2f67468c-2fd8-4198-ac51-3bd6740325da,"#N/A",7.4989E10,Mountain View,United States,"#N/A","#N/A","#N/A",94043-1351,CA,1600 Amphitheatre Pkwy,Roxxon is the leader in Retail in Mountain View,"#N/A",Retail,false,"#N/A",Fatz,"#N/A","#N/A",1.650.253.0000,"#N/A","#N/A","#N/A","#N/A","#N/A","#N/A","#N/A","#N/A","#N/A",Customer,"#N/A"
2ffb636c-4ff7-4a93-9ad8-66de7256dd2f,"#N/A",7.41215097E8,Osaka,Japan,"#N/A","#N/A","#N/A","#N/A","#N/A","1006, Oaza Kadoma",TSM South is the leader in Healthcare,"#N/A",Healthcare,false,"#N/A",Flipbug,"#N/A","#N/A","#N/A","#N/A","#N/A","#N/A","#N/A","#N/A","#N/A","#N/A","#N/A","#N/A",Prospect,"#N/A"
314946e1-5d0b-40b4-88cc-6920c46160b0,"#N/A",7.58251458E8,Seattle,USA,"#N/A","#N/A","#N/A","#N/A",WA,1483 Alaskan Way,Susannah St-Germain Hospital is the leader in Healthcare in Seattle,"#N/A",Healthcare,false,"#N/A",Yakitri,"#N/A","#N/A",(555) 561-5555,"#N/A","#N/A","#N/A","#N/A","#N/A","#N/A","#N/A","#N/A","#N/A",Customer,"#N/A"
36c7fe03-923c-4a76-b112-34fb9f7e22c8,"#N/A",6.8846673E7,Como,Australia,"#N/A","#N/A","#N/A",2226,NSW,67 Como Pde,Megadodo Publications is the leader in Consulting in Como,"#N/A",Consulting,false,"#N/A",Jaxspan,"#N/A","#N/A",(02) 6849 6177,Como,Australia,"#N/A","#N/A","#N/A",2226,NSW,67 Como Pde,"#N/A",Prospect,"#N/A"
3981cfa2-f4f8-4179-a7b1-7a54c1777cd0,"#N/A",2.35005519E8,Cecil Hills,Australia,"#N/A","#N/A","#N/A",2171,NSW,19 Airlie Cr,NC North is the leader in Healthcare in Cecil Hills,"#N/A",Healthcare,false,"#N/A",Thoughtworks,"#N/A","#N/A",(02) 8210 6814,Cecil Hills,Australia,"#N/A","#N/A","#N/A",2171,NSW,19 Airlie Cr,"#N/A",Customer,"#N/A"
3b59addf-984f-49b2-93d5-85420b8d7dc2,"#N/A",1.5240896511E10,Columbus,United States,"#N/A","#N/A","#N/A",43215-2226,OH,1 Nationwide Plz,Polimarc Inc. is the leader in Media in Columbus,"#N/A",Media,false,"#N/A",Zoonoodle,"#N/A","#N/A",1.614.249.7111,Columbus,US,"#N/A","#N/A","#N/A",43218-2171,OH,P.O. BOX 182171,"#N/A",Prospect,"#N/A"
3c6b6144-9371-48a0-9b48-89488a3fc37a,"#N/A",3.7864E10,Chicago,United States,"#N/A","#N/A","#N/A",60606-7147,IL,233 S Wacker Dr,Realia Home is the leader in Retail in Chicago,"#N/A",Retail,false,"#N/A",Edgetag,"#N/A","#N/A",1.872.825.4000,"#N/A","#N/A","#N/A","#N/A","#N/A","#N/A","#N/A",29 Noalimba Cr,"#N/A",Prospect,"#N/A"
3d2f7830-a39d-4211-8b28-9252c2e48f3e,"#N/A","#N/A","#N/A","#N/A","#N/A","#N/A","#N/A","#N/A","#N/A","#N/A","#N/A","#N/A",Restaurant,false,"#N/A",McDonalds,205000,"#N/A","#N/A","#N/A","#N/A","#N/A","#N/A","#N/A","#N/A","#N/A","#N/A","#N/A",Prospect,"#N/A"
3d880289-6e2b-41df-82f2-ee5000da9821,"#N/A",1.90884E11,San Francisco,United States,"#N/A","#N/A","#N/A",94104-5284,CA,1 Post St FL 18,Save the Wild is the leader in Non Profit in San Francisco,"#N/A",Non Profit,false,"#N/A",Shuffletag,"#N/A","#N/A",1.415.983.8300,"#N/A","#N/A","#N/A","#N/A","#N/A","#N/A","#N/A",3003 E 3rd Ave #201,"#N/A",Customer,"#N/A"
3dff0546-bc9a-42ab-a748-d95060d907b5,"#N/A","#N/A","#N/A","#N/A","#N/A","#N/A","#N/A","#N/A","#N/A","#N/A","#N/A","#N/A",Restaurant,false,"#N/A",Pizza Hut,"#N/A","#N/A","#N/A","#N/A","#N/A","#N/A","#N/A","#N/A","#N/A","#N/A","#N/A","#N/A",Prospect,"#N/A"
3e2f6b24-5824-4f3d-acd7-60a5b94028b2,"#N/A","#N/A","#N/A","#N/A","#N/A","#N/A","#N/A","#N/A","#N/A","#N/A","#N/A","#N/A",Entertainment,false,"#N/A",Regal Cinemas,"#N/A","#N/A","#N/A","#N/A","#N/A","#N/A","#N/A","#N/A","#N/A","#N/A","#N/A","#N/A",Customer,"#N/A"
3e3949f1-be3b-44a8-b677-d5ad79207d31,"#N/A","#N/A",San Francisco,USA,"#N/A","#N/A","#N/A",94105,CA,"The Landmark @ One Market, Suite 300","Founded in March 1999, salesforce.com (http://www.salesforce.com) builds and delivers customer relationship management (CRM) applications as scalable online services. The salesforce.com product suite - Team Edition, Professional Edition, Enterprise Edition, Wireless Edition and Offline Edition - gives companies of all sizes a complete 360-degree view of the customer. The company's award-winning CRM solutions provide integrated online sales force automation, customer service and support management, and marketing automation applications to help companies meet the complex challenges of global customer communication. Salesforce.com has received considerable recognition in the industry, including Editors' Choice and two Five-Star ratings from PC Magazine, two Deploy Awards from InfoWorld, Red Herring 100, Upside Hot 100, Investor's Choice Award from Enterprise Outlook, Editors' Choice from TMCLabs, Top 10 CRM Implementation from Aberdeen Group, and InfoWorld's 2001 CRM Technology of the Year. Founded in 1999, salesforce.com is headquartered in San Francisco, with offices in Europe and Asia.",(415) 901-7040,Corporate Office,false,"#N/A",salesforce.com,"#N/A","#N/A",(415) 901-7000,San Francisco,USA,"#N/A","#N/A","#N/A",94105,CA,"The Landmark @ One Market, Suite 300","#N/A",Prospect,http://www.salesforce.com
418e7e67-8aaf-4484-836c-ad1d90307484,"#N/A",6.3491E10,Mc Lean,United States,"#N/A","#N/A","#N/A",22102-3107,VA,8200 Jones Branch Dr,Decorum Interior Design is the leader in Hospitality in Mc Lean,"#N/A",Hospitality,false,"#N/A",Tagtune,"#N/A","#N/A",1.703.903.2000,"#N/A","#N/A","#N/A","#N/A","#N/A","#N/A","#N/A","#N/A","#N/A",Customer,"#N/A"
41dcfb27-faea-4bba-b070-f4495befb8be,"#N/A",1.58331476E8,Melbourne,Australia,"#N/A","#N/A","#N/A",3000,VIC,200 Elizabeth Street,Galaxy Corp is the leader in Banking in Melbourne,"#N/A",Banking,false,"#N/A",Mycat,"#N/A","#N/A",(03) 7578 7328,Melbourne,Australia,"#N/A","#N/A","#N/A",3000,VIC,200 Elizabeth Street,"#N/A",Customer,"#N/A"
42c81fbe-24ba-4e01-af8d-9829dfe3aa7f,"#N/A",5.0E7,Vancouver,Canada,"#N/A","#N/A","#N/A","#N/A",BC,BC V6T 1A7,Spade and Archer is the leader in Services in BC,"#N/A",Services,false,"#N/A",Twitterwire,"#N/A","#N/A","#N/A","#N/A","#N/A","#N/A","#N/A","#N/A","#N/A","#N/A","#N/A","#N/A",Customer,"#N/A"
42df432d-a787-4632-bfd9-e7d139723478,"#N/A",9.37328603E8,Kuraby,Australia,"#N/A","#N/A","#N/A",4112,QLD,28 Besline St,Leeding Engines Ltd. is the leader in Manufacturing in Kuraby,"#N/A",Manufacturing,false,"#N/A",Lazzy,"#N/A","#N/A",(07) 6674 6703,Kuraby,Australia,"#N/A","#N/A","#N/A",4112,QLD,28 Besline St,"#N/A",Customer,"#N/A"
438b9e0e-29c2-4533-b14f-9856e8fcb62f,"#N/A",6.39903177E8,Sydney,Australia,"#N/A","#N/A","#N/A",2007,NSW,390 Harris Street,Petrox Oil Company is the leader in Energy in Sydney,"#N/A",Energy,false,"#N/A",Kwideo,"#N/A","#N/A",(02) 7948 6474,Sydney,Australia,"#N/A","#N/A","#N/A",2007,NSW,390 Harris Street,"#N/A",Customer,"#N/A"
43bd106a-6504-45c7-97d5-7ccfc394dd35,"#N/A","#N/A","#N/A","#N/A","#N/A","#N/A","#N/A","#N/A","#N/A","#N/A","#N/A","#N/A","#N/A",false,"#N/A",Sample Account for Entitlements,"#N/A","#N/A","#N/A","#N/A","#N/A","#N/A","#N/A","#N/A","#N/A","#N/A","#N/A","#N/A","#N/A","#N/A"
43e4e5b7-dc28-441b-917b-8d8c3d0f421d,"#N/A",6.3056E10,Purchase,United States,"#N/A","#N/A","#N/A",10577-1444,NY,700 Anderson Hill Rd,General Services Corporation is the leader in Hospitality in Purchase,"#N/A",Hospitality,false,"#N/A",Yamia,"#N/A","#N/A",1.914.253.2000,"#N/A","#N/A","#N/A","#N/A","#N/A","#N/A","#N/A","#N/A","#N/A",Prospect,"#N/A"
4442a869-7582-4b4e-9182-484f255c85f7,"#N/A",3.02983857E8,Bateman,Australia,"#N/A","#N/A","#N/A",6150,WA,29 Noalimba Cr,North Central Positronics is the leader in Energy in Bateman,"#N/A",Energy,false,"#N/A",Kayveo,"#N/A","#N/A",(08) 7367 7550,Bateman,Australia,"#N/A","#N/A","#N/A",6150,WA,29 Noalimba Cr,"#N/A",Customer,"#N/A"
451a3cd0-d0d3-41fa-bc58-c038cb5ed87a,"#N/A",6.03365E10,Hartford,United States,"#N/A","#N/A","#N/A",06156-0001,CT,151 Farmington Ave,Initrode is the leader in Energy in Hartford,"#N/A",Energy,false,"#N/A",Roomm,"#N/A","#N/A",1.860.273.0123,"#N/A","#N/A","#N/A","#N/A","#N/A","#N/A","#N/A","#N/A","#N/A",Prospect,"#N/A"
4537d561-9212-4c2a-be88-f612daa237c4,"#N/A","#N/A","#N/A","#N/A","#N/A","#N/A","#N/A","#N/A","#N/A","#N/A","#N/A","#N/A","#N/A",false,"#N/A",Pizza Hut,"#N/A","#N/A","#N/A","#N/A","#N/A","#N/A","#N/A","#N/A","#N/A","#N/A","#N/A","#N/A","#N/A","#N/A"
456c4446-62f4-4a91-adb8-2eb55240b34b,"#N/A",5.85033103E8,Hunters Hill,Australia,"#N/A","#N/A","#N/A",2110,NSW,6/10 Mount St,CG South is the leader in Healthcare in Hunters Hill,"#N/A",Healthcare,false,"#N/A",Jabberstorm,"#N/A","#N/A",(02) 6279 8265,Hunters Hill,Australia,"#N/A","#N/A","#N/A",2110,NSW,6/10 Mount St,"#N/A",Customer,"#N/A"
45b81ee6-764e-43ae-b9e8-fda292d37696,"#N/A","#N/A","#N/A","#N/A","#N/A","#N/A","#N/A","#N/A","#N/A","#N/A","#N/A","#N/A","#N/A",false,"#N/A",Wendys,"#N/A","#N/A","#N/A","#N/A","#N/A","#N/A","#N/A","#N/A","#N/A","#N/A","#N/A","#N/A","#N/A","#N/A"
4a172950-2e81-400d-857c-b2b47915e21b,"#N/A",1.78663741E8,Canley Vale,Australia,"#N/A","#N/A","#N/A",2166,NSW,66 Beckenham St,Mr. Sparkle is the leader in Consulting in Canley Vale,"#N/A",Consulting,false,"#N/A",Trudoo,"#N/A","#N/A",(02) 6548 7709,Canley Vale,Australia,"#N/A","#N/A","#N/A",2166,NSW,66 Beckenham St,"#N/A",Customer,"#N/A"
4b6ce98e-063e-40af-8320-47bdccae4fef,"#N/A",7.70881668E8,Melbourne,Australia,"#N/A","#N/A","#N/A",3000,VIC,45 Spring Street,Globo Gym American Corp is the leader in Hospitality in Melbourne,"#N/A",Hospitality,false,"#N/A",Devcast,"#N/A","#N/A",(03) 8426 7995,Melbourne,Australia,"#N/A","#N/A","#N/A",3000,VIC,45 Spring Street,"#N/A",Customer,"#N/A"
4bdc5dee-26fb-40dd-8a8b-110b56eec5ae,"#N/A",2.9636E10,Deerfield,United States,"#N/A","#N/A","#N/A",60015-2565,IL,3 Parkway N Ste 300,SWD Logistics is the leader in Transportation in Deerfield,"#N/A",Transportation,false,"#N/A",Dynava,"#N/A","#N/A",1.847.943.4000,"#N/A","#N/A","#N/A","#N/A","#N/A","#N/A","#N/A",23 Lundy Av,"#N/A",Prospect,"#N/A"
4e5da026-eeaf-4a81-b541-8a27b0256e4b,"#N/A",1.0983E11,Cincinnati,United States,"#N/A","#N/A","#N/A",45202-1100,OH,1014 Vine St Ste 1000,Hagan University is the leader in Higher Education in Cincinnati,"#N/A",Higher Education,false,"#N/A",Fiveclub,"#N/A","#N/A",1.513.762.4000,"#N/A","#N/A","#N/A","#N/A","#N/A","#N/A","#N/A","#N/A","#N/A",Customer,"#N/A"
4f74d3ec-c41b-4f12-9886-ff18aeee375c,"#N/A",4.4294E10,Atlanta,United States,"#N/A","#N/A","#N/A",30313-2499,GA,1 Coca Cola Plz NW,Transworld Consortium is the leader in Energy in Atlanta,"#N/A",Energy,false,"#N/A",Thoughtmix,"#N/A","#N/A",1.404.676.2121,Atlanta,US,"#N/A","#N/A","#N/A",30301-1734,GA,P.O. BOX 1734,"#N/A",Customer,"#N/A"
4f9ea35c-2444-4850-a4af-85c6e311fa54,"#N/A",2.8711E10,San Antonio,United States,"#N/A","#N/A","#N/A",78259-1834,TX,19100 Ridgewood Pkwy,General Products is the leader in Consumer Goods in San Antonio,"#N/A",Consumer Goods,false,"#N/A",Pixoboo,"#N/A","#N/A",1.210.626.6000,Cary,US,"#N/A","#N/A","#N/A",27512-8016,NC,P.O. BOX 8016,"#N/A",Customer,"#N/A"
4fbe1748-f606-4401-ad1c-753ba7fc1a04,"#N/A",1.03444E11,Deerfield,United States,"#N/A","#N/A","#N/A",60015-5145,IL,108 Wilmot Rd,"Civic Wealth, Inc. is the leader in Financial Services in Deerfield","#N/A",Financial Services,false,"#N/A",Mydo,"#N/A","#N/A",1.847.315.2500,"#N/A","#N/A","#N/A","#N/A","#N/A","#N/A","#N/A",200 George Street,"#N/A",Customer,"#N/A"
4ffc4f8c-13c0-4f1a-9886-58860a44dad7,"#N/A",1.0E8,New York,USA,"#N/A","#N/A","#N/A",31349,NY,10 Main Rd.,"#N/A",(212) 555-5555,Corporate Office,false,"#N/A",Acme,680,"#N/A",(212) 555-5555,New York,USA,"#N/A","#N/A","#N/A",31349,NY,10 Main Rd.,"#N/A",Prospect,"#N/A"
509fb438-6c25-4b2b-b29f-59bc50a5af3d,"#N/A",2.7079E10,Cincinnati,United States,"#N/A","#N/A","#N/A",45202-2424,OH,7 W 7th St,Capitol Museum of Art is the leader in Non Profit in Cincinnati,"#N/A",Non Profit,false,"#N/A",Quinu,"#N/A","#N/A",1.513.579.7000,"#N/A","#N/A","#N/A","#N/A","#N/A","#N/A","#N/A",701 W Georgia St,"#N/A",Customer,"#N/A"
522e1027-3483-4db8-9694-b1a4b1363db7,"#N/A",3.7876E10,Bloomfield,United States,"#N/A","#N/A","#N/A",06002-2920,CT,900 Cottage Grove Rd,Trek Broadcasting is the leader in Media in Bloomfield,"#N/A",Media,false,"#N/A",Quimm,"#N/A","#N/A",1.860.226.6000,"#N/A","#N/A","#N/A","#N/A","#N/A","#N/A","#N/A","#N/A","#N/A",Customer,"#N/A"
539c631b-eafe-4399-b009-77f1f4135c99,"#N/A",7.76395463E8,Paris,France,"#N/A","#N/A","#N/A","#N/A",Paris,"16, bd des Italiens",SS South is the leader in Healthcare in Paris,"#N/A",Healthcare,false,"#N/A",Voolia,"#N/A","#N/A","#N/A","#N/A","#N/A","#N/A","#N/A","#N/A","#N/A","#N/A","#N/A","#N/A",Customer,"#N/A"
54c2d1c5-cbe3-4d86-b873-9312d5cfdc37,"#N/A",8.0231577E7,Bavaria,Germany,"#N/A","#N/A","#N/A",80333,Munich,Wittelsbacherplatz 2,Virtucon is the leader in Banking in Bavaria,"#N/A",Banking,false,"#N/A",Aivee,"#N/A","#N/A","#N/A","#N/A","#N/A","#N/A","#N/A","#N/A","#N/A","#N/A",6/10 Mount St,"#N/A",Customer,"#N/A"
56498a75-8bf9-49e1-a0d5-4a77b67a45cf,"#N/A",8.4202995E8,North Rhine-Westphalia,Germany,"#N/A","#N/A","#N/A","#N/A",Leverkusen,51368 Leverkusen,SpringShield is the leader in Banking in North Rhine-Westphalia,"#N/A",Banking,false,"#N/A",Fanoodle,"#N/A","#N/A","#N/A","#N/A","#N/A","#N/A","#N/A","#N/A","#N/A","#N/A","#N/A","#N/A",Prospect,"#N/A"
5696a128-bb23-4719-b92b-02470a5e1ae2,"#N/A",7.451E10,Philadelphia,United States,"#N/A","#N/A","#N/A",19103-2838,PA,1701 JFK Blvd,Initech is the leader in Technology in Philadelphia,"#N/A",Technology,false,"#N/A",Topicstorm,"#N/A","#N/A",1.215.286.1700,"#N/A","#N/A","#N/A","#N/A","#N/A","#N/A","#N/A","#N/A","#N/A",Customer,"#N/A"
57ac0da4-ad10-422c-8043-fc98d4e5afb2,"#N/A",1.01006E11,New York,United States,"#N/A","#N/A","#N/A",10017-2014,NY,270 Park Ave,Human Rights Defense Fund is the leader in Non Profit in New York,"#N/A",Non Profit,false,"#N/A",Jetpulse,"#N/A","#N/A",1.212.270.6000,"#N/A","#N/A","#N/A","#N/A","#N/A","#N/A","#N/A","#N/A","#N/A",Customer,"#N/A"
59332c95-f7fd-470b-9173-a07475e84d7a,"#N/A",4.77757321E8,Sydney,Australia,"#N/A","#N/A","#N/A",2000,NSW,200 George Street,Corellian Engineering Corporation is the leader in Machinery in Sydney,"#N/A",Machinery,false,"#N/A",Zoombox,"#N/A","#N/A",(02) 8858 6163,Sydney,Australia,"#N/A","#N/A","#N/A",2000,NSW,200 George Street,"#N/A",Customer,"#N/A"
59a77353-ca22-4df2-90b6-a3b905b57830,"#N/A",4.9892102E7,Balgowlah,Australia,"#N/A","#N/A","#N/A",2093,NSW,2/11 Boyle St,Smith and Co. is the leader in Transportation in Balgowlah,"#N/A",Transportation,false,"#N/A",Kimia,"#N/A","#N/A",(02) 6512 8801,Balgowlah,Australia,"#N/A","#N/A","#N/A",2093,NSW,2/11 Boyle St,"#N/A",Customer,"#N/A"
5a3e98c4-e022-4191-aef8-dd973542434e,"#N/A",8.9244318E7,Middlesex,United Kingdom,"#N/A","#N/A","#N/A","#N/A",London,980 Great West Road,TF South is the leader in Healthcare in Middlesex,"#N/A",Healthcare,false,"#N/A",Chatterpoint,"#N/A","#N/A","#N/A","#N/A","#N/A","#N/A","#N/A","#N/A","#N/A","#N/A","#N/A","#N/A",Customer,"#N/A"
5b784f82-4fc1-4883-8975-6158314f66d5,"#N/A","#N/A","#N/A","#N/A","#N/A","#N/A","#N/A","#N/A","#N/A","#N/A","#N/A","#N/A",Entertainment,false,"#N/A",Landmark Cinemas,850,"#N/A","#N/A","#N/A","#N/A","#N/A","#N/A","#N/A","#N/A","#N/A","#N/A","#N/A",Prospect,"#N/A"
5da970c0-3b5d-460d-a0a5-bb10121a3f34,"#N/A","#N/A","#N/A","#N/A","#N/A","#N/A","#N/A","#N/A","#N/A","#N/A","#N/A","#N/A","#N/A",false,"#N/A",Sample Account for Entitlements,"#N/A","#N/A","#N/A","#N/A","#N/A","#N/A","#N/A","#N/A","#N/A","#N/A","#N/A","#N/A","#N/A","#N/A"
5ebe90b6-fea6-4701-917c-9260e3326f87,"#N/A",1.3162E11,New York,United States,"#N/A","#N/A","#N/A",10036-6704,NY,1095 Ave of The Americas,Colonial Movers is the leader in Services in New York,"#N/A",Services,false,"#N/A",Kazu,"#N/A","#N/A",1.212.395.1000,"#N/A","#N/A","#N/A","#N/A","#N/A","#N/A","#N/A","#N/A","#N/A",Prospect,"#N/A"
608d62a0-5dc8-4e3d-bc9f-e71fd454336d,"#N/A",4.1373E10,Springdale,United States,"#N/A","#N/A","#N/A",72762-6901,AR,2200 W Don Tyson Pkwy,Newslync is the leader in Media in Springdale,"#N/A",Media,false,"#N/A",Meevee,"#N/A","#N/A",1.479.290.4000,Springdale,US,"#N/A","#N/A","#N/A",72765-2020,AR,P.O. BOX 2020,"#N/A",Customer,"#N/A"
60ab71ab-af7b-44e0-8ddd-53cafe7ca6c1,"#N/A","#N/A",Broomfield,USA,"#N/A","#N/A","#N/A",80020,Colorado,1234 Hilltop Road,Adams Household is the leader in Healthcare in Broomfield,"#N/A",Healthcare,false,"#N/A",Gabtune,"#N/A","#N/A",(720) 562-5896,"#N/A","#N/A","#N/A","#N/A","#N/A","#N/A","#N/A","#N/A","#N/A",Prospect,"#N/A"
662d48a9-abe1-402f-90cb-b2882779e3c0,"#N/A",1.00949E11,Houston,United States,"#N/A","#N/A","#N/A",77042-3706,TX,3010 Briarpark Dr,Your Lesiure Microtels is the leader in Hospitality in Houston,"#N/A",Hospitality,false,"#N/A",Brightdog,"#N/A","#N/A",1.281.293.6600,Houston,US,"#N/A","#N/A","#N/A",77210-4428,TX,P.O. BOX 4428,"#N/A",Customer,"#N/A"
66659543-7ed6-465b-8705-497fdf0f308e,"#N/A",2.55815146E8,Baden-Württemberg,Germany,"#N/A","#N/A","#N/A","#N/A",Stuttgart,70173,St Francis West Side is the leader in Healthcare in Baden-Württemberg,"#N/A",Healthcare,false,"#N/A",Skaboo,"#N/A","#N/A","#N/A","#N/A","#N/A","#N/A","#N/A","#N/A","#N/A","#N/A","#N/A","#N/A",Customer,"#N/A"
66d1328d-c523-42e7-a725-9ac6858badee,"#N/A",9.43474187E8,Woollahra,Australia,"#N/A","#N/A","#N/A",2025,NSW,6 Rush St,Rouster and Sideways is the leader in Insurance in Woollahra,"#N/A",Insurance,false,"#N/A",Browsecat,"#N/A","#N/A",(02) 8325 6428,Woollahra,Australia,"#N/A","#N/A","#N/A",2025,NSW,6 Rush St,"#N/A",Customer,"#N/A"
6793fbc8-cbb7-4496-aa97-70269532e394,"#N/A",2.0845725E7,Cincinnati,United States,"#N/A","#N/A","#N/A",45271,OH,08697 Ryan Junction,"#N/A","#N/A",Construction,false,"#N/A",Oyonder,"#N/A","#N/A","#N/A","#N/A","#N/A","#N/A","#N/A","#N/A","#N/A","#N/A","#N/A","#N/A",Prospect,"#N/A"
68181aed-b3d1-4530-a243-7869c3940de2,"#N/A",1.46231103E8,Kensington,Australia,"#N/A","#N/A","#N/A",1465,NSW,4/81 Doncaster Av,SB North is the leader in Healthcare in Kensington,"#N/A",Healthcare,false,"#N/A",Quire,"#N/A","#N/A",(02) 6721 8929,Kensington,Australia,"#N/A","#N/A","#N/A",1465,NSW,4/81 Doncaster Av,"#N/A",Customer,"#N/A"
69d86e67-1b07-4b07-927f-c648ff715c03,"#N/A",2.9588767E7,New Bedford,United States,"#N/A","#N/A","#N/A",2745,MA,53 Park Meadow Pass,"#N/A","#N/A",Insurance,false,"#N/A",Realblab,"#N/A","#N/A","#N/A","#N/A","#N/A","#N/A","#N/A","#N/A","#N/A","#N/A","#N/A","#N/A",Prospect,"#N/A"
6a41f904-8c37-47a9-b2eb-8bd81db16edb,"#N/A",1.03355E11,Palo Alto,United States,"#N/A","#N/A","#N/A",94304-1126,CA,1501 Page Mill Rd,Kumatsu Motors is the leader in Automotive in Palo Alto,"#N/A",Automotive,false,"#N/A",Oodoo,"#N/A","#N/A",1.650.857.1501,Palo Alto,US,"#N/A","#N/A","#N/A",94303-0890,CA,P.O. BOX 10301,"#N/A",Customer,"#N/A"
70616bb6-b198-41fa-a338-c2daa1603f53,"#N/A",5.6098E10,Farmington,United States,"#N/A","#N/A","#N/A",06032-2577,CT,10 Farm Springs Rd,Tungsten Security Services is the leader in Transportation in Farmington,"#N/A",Transportation,false,"#N/A",Centimia,"#N/A","#N/A",1.860.728.7000,"#N/A","#N/A","#N/A","#N/A","#N/A","#N/A","#N/A","#N/A","#N/A",Customer,"#N/A"
7064f2f4-8604-43b9-bdc1-42100e58a8b5,"#N/A",2.88628E10,Moline,United States,"#N/A","#N/A","#N/A",61265-8098,IL,1 John Deere Pl,Fastforward Software is the leader in Technology in Moline,"#N/A",Technology,false,"#N/A",Tazz,"#N/A","#N/A",1.309.765.8000,"#N/A","#N/A","#N/A","#N/A","#N/A","#N/A","#N/A","#N/A","#N/A",Customer,"#N/A"
70b6fd4e-4c53-42a7-a3dd-113d6fe4fd96,"#N/A",7.40417719E8,Fairfield,Australia,"#N/A","#N/A","#N/A",4103,QLD,40 Archibald St,Mooby Corp is the leader in Chemicals in Fairfield,"#N/A",Chemicals,false,"#N/A",Skalith,"#N/A","#N/A",(07) 8503 6141,Fairfield,Australia,"#N/A","#N/A","#N/A",4103,QLD,40 Archibald St,"#N/A",Customer,"#N/A"
70d134c2-6912-46ab-bd70-32126a2b2826,"#N/A",3.8581E10,Morris Plains,United States,"#N/A","#N/A","#N/A",07950-2546,NJ,115 Tabor Rd,Jupiter Consulting is the leader in Energy in Morris Plains,"#N/A",Energy,false,"#N/A",Uidoo,"#N/A","#N/A",1.973.455.2000,"#N/A","#N/A","#N/A","#N/A","#N/A","#N/A","#N/A","#N/A","#N/A",Customer,"#N/A"
75e81338-0768-4262-b14c-35df8d20dee2,"#N/A",1.49558E11,Dearborn,United States,"#N/A","#N/A","#N/A",48126-2701,MI,1 American Rd,"Tension, Inc. is the leader in Energy in Dearborn","#N/A",Energy,false,"#N/A",Gabtype,"#N/A","#N/A",1.313.322.3000,Dearborn,US,"#N/A","#N/A","#N/A",48121-0685,MI,P.O. BOX 685,"#N/A",Customer,"#N/A"
760857a9-8cc4-4f2c-9967-12fda29f1df1,"#N/A",8.8519E10,Atlanta,United States,"#N/A","#N/A","#N/A",30339-1834,GA,2455 Paces Ferry Rd SE,"Cashless Systems, Inc. is the leader in Services in Atlanta","#N/A",Services,false,"#N/A",Edgeclub,"#N/A","#N/A",1.770.433.8211,Atlanta,US,"#N/A","#N/A","#N/A",30348-5715,GA,P.O. BOX 105715,"#N/A",Customer,"#N/A"
7afe94a1-02e4-4ed6-88ba-4450e7088d93,"#N/A",4.528576E8,Paris,France,"#N/A","#N/A","#N/A","#N/A","#N/A",75010,Trevor Ferrin Hospital is the leader in Healthcare,"#N/A",Healthcare,false,"#N/A",Yakidoo,"#N/A","#N/A","#N/A","#N/A","#N/A","#N/A","#N/A","#N/A","#N/A","#N/A","#N/A","#N/A",Customer,"#N/A"
7d36a2ba-4695-4421-85e9-cdeec46d4cf6,"#N/A",2.21928169E8,Kingsgrove,Australia,"#N/A","#N/A","#N/A",1480,NSW,23 Lundy Av,Spacely Sprockets is the leader in Technology in Kingsgrove,"#N/A",Technology,false,"#N/A",Aibox,"#N/A","#N/A",(02) 6082 8265,Kingsgrove,Australia,"#N/A","#N/A","#N/A",1480,NSW,23 Lundy Av,"#N/A",Customer,"#N/A"
7ec89950-8d5b-4336-b177-1da914527cad,"#N/A",3.0935E10,Houston,United States,"#N/A","#N/A","#N/A",77079-1100,TX,600 N Dairy Ashford Rd,"Optimetrics, LLC is the leader in Technology in Houston","#N/A",Technology,false,"#N/A",Browsebug,"#N/A","#N/A",1.281.293.1000,Houston,US,"#N/A","#N/A","#N/A",77252-2197,TX,P.O. BOX 2197,"#N/A",Customer,"#N/A"
7fa2630d-3120-418f-933d-def640ff7eec,"#N/A",3308479.0,Sioux City,United States,"#N/A","#N/A","#N/A",51105,OH,574 Duke Circle,"#N/A","#N/A",Financial Services,false,"#N/A",Blogspan,"#N/A","#N/A","#N/A","#N/A","#N/A","#N/A","#N/A","#N/A","#N/A","#N/A","#N/A","#N/A",Prospect,"#N/A"
800d0656-8a6c-4dd0-8de0-90007f4c27f9,"#N/A",8.4202995E8,Mitchelton,Australia,"#N/A","#N/A","#N/A",4053,QLD,34 Frasers Rd,Christian Lavendar Hospital is the leader in Healthcare in Mitchelton,"#N/A",Healthcare,false,"#N/A",Viva,"#N/A","#N/A",(07) 8057 8902,Mitchelton,Australia,"#N/A","#N/A","#N/A",4053,QLD,34 Frasers Rd,"#N/A",Customer,"#N/A"
84480dc9-f93b-4562-a4aa-0345fc0ecca2,"#N/A",3.2618759E10,Lakeland,United States,"#N/A","#N/A","#N/A",33811-3311,FL,3300 Publix Corp Pkwy,"Mecurial, Inc. is the leader in Retail in Lakeland","#N/A",Retail,false,"#N/A",Skyba,"#N/A","#N/A",1.863.688.1188,Lakeland,US,"#N/A","#N/A","#N/A",33802-0407,FL,P.O. BOX 407,"#N/A",Customer,"#N/A"
860d1a09-71d9-45c3-8a0a-6eaea93af30b,"#N/A",1.58331476E8,London,United Kingdom,"#N/A","#N/A","#N/A",SE1 7NA,"#N/A",Shell Centre,Videlectrix is the leader in Electronics,"#N/A",Electronics,false,"#N/A",Livefish,"#N/A","#N/A","#N/A","#N/A","#N/A","#N/A","#N/A","#N/A","#N/A","#N/A","#N/A","#N/A",Customer,"#N/A"
86f5f2d4-a731-49de-9baa-9ee1cca51327,"#N/A","#N/A","#N/A","#N/A","#N/A","#N/A","#N/A","#N/A","#N/A","#N/A","#N/A","#N/A","#N/A",false,"#N/A",Pizza Hut,"#N/A","#N/A","#N/A","#N/A","#N/A","#N/A","#N/A","#N/A","#N/A","#N/A","#N/A","#N/A","#N/A","#N/A"
8991fb4c-3c7b-42da-8c66-8eeefa5fdb3a,"#N/A","#N/A","#N/A","#N/A","#N/A","#N/A","#N/A","#N/A","#N/A","#N/A","#N/A","#N/A","#N/A",false,"#N/A",Sample Account for Entitlements,"#N/A","#N/A","#N/A","#N/A","#N/A","#N/A","#N/A","#N/A","#N/A","#N/A","#N/A","#N/A","#N/A","#N/A"
8b952b6e-3f65-4681-87ae-41f055a61b30,"#N/A",4.8213E11,Bentonville,United States,"#N/A","#N/A","#N/A",72716-6299,AR,702 SW 8th St,Upward Financial Services is the leader in Financial Services in Bentonville,"#N/A",Financial Services,false,"#N/A",Photofeed,"#N/A","#N/A",1.479.273.4000,"#N/A","#N/A","#N/A","#N/A","#N/A","#N/A","#N/A","#N/A","#N/A",Prospect,"#N/A"
8bd98371-f6fd-4da0-8c24-f253212e5e5b,"#N/A","#N/A","#N/A","#N/A","#N/A","#N/A","#N/A","#N/A","#N/A","#N/A","#N/A","#N/A","#N/A",false,"#N/A",Sample Account for Entitlements,"#N/A","#N/A","#N/A","#N/A","#N/A","#N/A","#N/A","#N/A","#N/A","#N/A","#N/A","#N/A","#N/A","#N/A"
8ca29220-a734-405a-8558-afd443541f30,"#N/A","#N/A","#N/A","#N/A","#N/A","#N/A","#N/A","#N/A","#N/A","#N/A","#N/A","#N/A",Restaurant,false,"#N/A",Popeyes,"#N/A","#N/A","#N/A","#N/A","#N/A","#N/A","#N/A","#N/A","#N/A","#N/A","#N/A","#N/A",Customer,"#N/A"
8eac25a6-182d-4615-b06c-37d39e4648ea,"#N/A",2.3152E10,Houston,United States,"#N/A","#N/A","#N/A",77002-4101,TX,333 Clay St Ste 1600,Wentworth Industries is the leader in Engineering in Houston,"#N/A",Engineering,false,"#N/A",Myworks,"#N/A","#N/A",1.713.646.4100,"#N/A","#N/A","#N/A","#N/A","#N/A","#N/A","#N/A","#N/A","#N/A",Customer,"#N/A"
8fa16a8d-7823-4ad2-8ebe-303786281b4f,"#N/A",5.1403189E8,Kogarah,Australia,"#N/A","#N/A","#N/A",2217,NSW,2/2 Bowns Rd,Burleigh and Stronginthearm is the leader in Communications in Kogarah,"#N/A",Communications,false,"#N/A",Eamia,"#N/A","#N/A",(02) 8850 8728,Kogarah,Australia,"#N/A","#N/A","#N/A",2217,NSW,2/2 Bowns Rd,"#N/A",Customer,"#N/A"
9099e65f-81d3-4617-ae22-046d57c3c873,"#N/A",1.27207233E8,Warradale,Australia,"#N/A","#N/A","#N/A",5046,SA,140 Diagonal Rd,Charles Townsend Agency is the leader in Apparel in Warradale,"#N/A",Apparel,false,"#N/A",Gabcube,"#N/A","#N/A",(08) 8985 7724,Warradale,Australia,"#N/A","#N/A","#N/A",5046,SA,140 Diagonal Rd,"#N/A",Customer,"#N/A"
91d0f137-f000-4b2d-a7b2-3a9a38f94e05,"#N/A",9351157.0,Lafayette,United States,"#N/A","#N/A","#N/A",47905,IN,0526 Hauk Plaza,"#N/A","#N/A",Energy,false,"#N/A",Thoughtsphere,"#N/A","#N/A","#N/A","#N/A","#N/A","#N/A","#N/A","#N/A","#N/A","#N/A","#N/A","#N/A",Prospect,"#N/A"
9286d927-b05a-4449-a42c-e42313a106b9,"#N/A","#N/A","#N/A","#N/A","#N/A","#N/A","#N/A","#N/A","#N/A","#N/A","#N/A","#N/A",Hospitality,false,"#N/A",Hyatt Hotels Corporation,100000,"#N/A","#N/A","#N/A","#N/A","#N/A","#N/A","#N/A","#N/A","#N/A","#N/A","#N/A",Prospect,"#N/A"
93db6a70-4f4a-4046-9c75-41c4d6cec585,"#N/A",5.2465E10,Burbank,United States,"#N/A","#N/A","#N/A",91521-0007,CA,500 S Buena Vista St,Larsco College is the leader in Higher Education in Burbank,"#N/A",Higher Education,false,"#N/A",Voolith,"#N/A","#N/A",1.818.560.1000,"#N/A","#N/A","#N/A","#N/A","#N/A","#N/A","#N/A","#N/A","#N/A",Customer,"#N/A"
93ec3194-53dc-4593-9068-83d0ae6fe637,"#N/A",1.57107E11,Minnetonka,United States,"#N/A","#N/A","#N/A",55343-9693,MN,9900 Bren Rd E Ste 300w,"Input, Inc. is the leader in Shipping in Minnetonka","#N/A",Shipping,false,"#N/A",Skinte,"#N/A","#N/A",1.952.936.1300,Minneapolis,US,"#N/A","#N/A","#N/A",55440-1459,MN,P.O. BOX 1459,"#N/A",Customer,"#N/A"
9408beed-6650-4f97-bbac-df681dd35665,"#N/A",2.38658603E8,Redcliffe,Australia,"#N/A","#N/A","#N/A",4020,QLD,5/19-21 Shields St,Matt Stecklein Hospital is the leader in Healthcare in Redcliffe,"#N/A",Healthcare,false,"#N/A",Omba,"#N/A","#N/A",(07) 7859 6584,Redcliffe,Australia,"#N/A","#N/A","#N/A",4020,QLD,5/19-21 Shields St,"#N/A",Customer,"#N/A"
94908725-e555-4e6c-a45a-7cd7bf0d4b93,"#N/A",5.73645303E8,Melbourne,Australia,"#N/A","#N/A","#N/A",3004,VIC,348 St Kilda Road,Globex Corporation is the leader in Food & Beverage in Melbourne,"#N/A",Food & Beverage,false,"#N/A",Bluejam,"#N/A","#N/A",(03) 7876 8876,Melbourne,Australia,"#N/A","#N/A","#N/A",3004,VIC,348 St Kilda Road,"#N/A",Customer,"#N/A"
979155a5-1773-4074-b9e9-809ad88fe15f,"#N/A",7.76395463E8,Tokyo,Japan,"#N/A","#N/A","#N/A","#N/A","#N/A",1-7-1 Konan Minato-ku,Wernham Hogg is the leader in Telecommunications,"#N/A",Telecommunications,false,"#N/A",Browsedrive,"#N/A","#N/A","#N/A","#N/A","#N/A","#N/A","#N/A","#N/A","#N/A","#N/A",4 Riverside Rd,"#N/A",Customer,"#N/A"
97bdd77e-0e3c-444d-b418-fed97775446e,"#N/A",3.1469E10,Falls Church,United States,"#N/A","#N/A","#N/A",22042,VA,2941 Frview Pk Dr Ste 100,Keading Transportation Services is the leader in Transportation in Falls Church,"#N/A",Transportation,false,"#N/A",Buzzshare,"#N/A","#N/A",1.703.876.3000,"#N/A","#N/A","#N/A","#N/A","#N/A","#N/A","#N/A","#N/A","#N/A",Customer,"#N/A"
984cb28e-2caa-4cfb-b4ff-491550f74b9f,"#N/A",5.0687142E10,Bloomington,United States,"#N/A","#N/A","#N/A",61710-0001,IL,1 State Farm Plz,Delphi Energy is the leader in Energy in Bloomington,"#N/A",Energy,false,"#N/A",Pixonyx,"#N/A","#N/A",1.309.766.2311,"#N/A","#N/A","#N/A","#N/A","#N/A","#N/A","#N/A","#N/A","#N/A",Prospect,"#N/A"
9988f9f4-9d1c-460b-a401-9b28a31caeb7,"#N/A",9488745.0,Carson City,United States,"#N/A","#N/A","#N/A",89714,NV,4 Weeping Birch Crossing,"#N/A","#N/A",Consulting,false,"#N/A",Flashset,"#N/A","#N/A","#N/A","#N/A","#N/A","#N/A","#N/A","#N/A","#N/A","#N/A","#N/A","#N/A",Prospect,"#N/A"
9b3f2ea2-416a-4d7e-b6e7-f54dcfb3c4d2,"#N/A",3.4441E10,New York,United States,"#N/A","#N/A","#N/A",10285-0002,NY,200 Vesey St,Walken Group is the leader in Consumer Goods in New York,"#N/A",Consumer Goods,false,"#N/A",JumpXS,"#N/A","#N/A",1.212.640.2000,"#N/A","#N/A","#N/A","#N/A","#N/A","#N/A","#N/A","#N/A","#N/A",Prospect,"#N/A"
9e09f1ba-3f16-4ef2-9422-9ba9f218b9f5,"#N/A",3.4292E10,Dallas,United States,"#N/A","#N/A","#N/A",75225-6142,TX,8111 Westchester Dr # 600,Mammoth Pictures is the leader in Media in Dallas,"#N/A",Media,false,"#N/A",Fliptune,"#N/A","#N/A",1.214.981.0700,"#N/A","#N/A","#N/A","#N/A","#N/A","#N/A","#N/A","#N/A","#N/A",Customer,"#N/A"
9f3a49a8-37a5-487b-b155-983cd778b1dc,"#N/A",6.52105621E8,Ettalong Beach,Australia,"#N/A","#N/A","#N/A",2257,NSW,356 Ocean View Rd,Mainway Toys is the leader in Retail in Ettalong Beach,"#N/A",Retail,false,"#N/A",Podcat,"#N/A","#N/A",(02) 7575 8703,Ettalong Beach,Australia,"#N/A","#N/A","#N/A",2257,NSW,356 Ocean View Rd,"#N/A",Prospect,"#N/A"
a09332b9-7ba5-4ed7-8ab0-4fb18437c3d1,"#N/A",2.33715E11,Cupertino,United States,"#N/A","#N/A","#N/A",95014-2083,CA,1 Infinite Loop,Sweetwine Car Service is the leader in Transportation in Cupertino,"#N/A",Transportation,false,"#N/A",Wordtune,"#N/A","#N/A",1.408.996.1010,"#N/A","#N/A","#N/A","#N/A","#N/A","#N/A","#N/A","#N/A","#N/A",Prospect,"#N/A"
a0cbd036-c288-4a93-a0a6-e870abea1d70,"#N/A",9.05588171E8,Bavaria,Germany,"#N/A","#N/A","#N/A","#N/A",Munich,300 Chestnut Ridge Road,SS North is the leader in Healthcare in Bavaria,"#N/A",Healthcare,false,"#N/A",Dabfeed,"#N/A","#N/A","#N/A","#N/A","#N/A","#N/A","#N/A","#N/A","#N/A","#N/A","#N/A","#N/A",Customer,"#N/A"
a58bf9e2-d93d-4f2c-bb1f-c622c835fa72,"#N/A",4.2451628E8,Kensington,Australia,"#N/A","#N/A","#N/A",1465,NSW,4/81 Doncaster Av,Sample Company is the leader in Media in Kensington,"#N/A",Media,false,"#N/A",Kanoodle,"#N/A","#N/A",(02) 7112 6523,Kensington,Australia,"#N/A","#N/A","#N/A",1465,NSW,4/81 Doncaster Av,"#N/A",Customer,"#N/A"
a6d7ba10-58bd-454d-bb89-e5691c8ef38c,"#N/A",3.45972597E8,Wahroonga,Australia,"#N/A","#N/A","#N/A",2076,NSW,3 Myra St,Nordyne Defense Dynamics is the leader in Technology in Wahroonga,"#N/A",Technology,false,"#N/A",Thoughtstorm,"#N/A","#N/A",(02) 7820 8765,Wahroonga,Australia,"#N/A","#N/A","#N/A",2076,NSW,3 Myra St,"#N/A",Customer,"#N/A"
a86a467d-9b9f-4890-994c-ffd0d1c6f3aa,"#N/A",4.8778E10,Midland,United States,"#N/A","#N/A","#N/A",48674-1500,MI,2030 Dow Ctr,Computico Labs is the leader in Technology in Midland,"#N/A",Technology,false,"#N/A",Kamba,"#N/A","#N/A",1.989.636.1000,"#N/A","#N/A","#N/A","#N/A","#N/A","#N/A","#N/A","#N/A","#N/A",Prospect,"#N/A"
a8b81630-5328-44e6-bdde-10ecd1764c8f,"#N/A",4.528576E8,North Sydney,Australia,"#N/A","#N/A","#N/A",2060,NSW,54 McLaren Street,Demo Company is the leader in Consulting in North Sydney,"#N/A",Consulting,false,"#N/A",Topiclounge,"#N/A","#N/A",(02) 8592 7342,North Sydney,Australia,"#N/A","#N/A","#N/A",2060,NSW,54 McLaren Street,"#N/A",Customer,"#N/A"
aa0b9e49-16e4-4469-99fb-3bcc0f59a3a6,"#N/A",4.3025852E10,Irvine,United States,"#N/A","#N/A","#N/A",92612-0697,CA,3351 Michelson Dr Ste 100,Abilitech Software Solutions is the leader in Technology in Irvine,"#N/A",Technology,false,"#N/A",Kwimbee,"#N/A","#N/A",1.714.566.1000,"#N/A","#N/A","#N/A","#N/A","#N/A","#N/A","#N/A",3351 Michelson Dr Ste 100,"#N/A",Customer,"#N/A"
aa3a4297-7d24-4d14-9115-b40d92cfd652,"#N/A",5.6873066E8,Bondi,Australia,"#N/A","#N/A","#N/A",2026,NSW,178 Campbell Parade,Danielle Bogartz Hospital is the leader in Healthcare in Bondi,"#N/A",Healthcare,false,"#N/A",Oyoba,"#N/A","#N/A",(02) 7198 7098,Bondi,Australia,"#N/A","#N/A","#N/A",2026,NSW,178 Campbell Parade,"#N/A",Customer,"#N/A"
abefbf47-3f39-445e-9c89-b716ae0aa73e,"#N/A",7.3908E10,New York,United States,"#N/A","#N/A","#N/A",10017-5592,NY,120 Park Ave FL 6,Leza College of Engineering is the leader in Higher Education in New York,"#N/A",Higher Education,false,"#N/A",Wikizz,"#N/A","#N/A",1.917.663.2000,"#N/A","#N/A","#N/A","#N/A","#N/A","#N/A","#N/A","#N/A","#N/A",Customer,"#N/A"
ac78f5ad-aed6-41dd-b052-c15923d9f2e6,"#N/A","#N/A","#N/A","#N/A","#N/A","#N/A","#N/A","#N/A","#N/A","#N/A","#N/A","#N/A",Entertainment,false,"#N/A",AMC Entertainment,4408,"#N/A","#N/A","#N/A","#N/A","#N/A","#N/A","#N/A","#N/A","#N/A","#N/A","#N/A",Customer,"#N/A"
b0d370c4-78db-4776-89bb-d5037ece0cd9,"#N/A",8.8275E10,New York,United States,"#N/A","#N/A","#N/A",10022-4699,NY,399 Park Ave,Martic-Morales Corp. is the leader in Manufacturing in New York,"#N/A",Manufacturing,false,"#N/A",Browseblab,"#N/A","#N/A",1.212.559.1000,"#N/A","#N/A","#N/A","#N/A","#N/A","#N/A","#N/A",100 North Riverside.,"#N/A",Customer,"#N/A"
b11b3c42-2c72-44e7-8ad3-217ab253e5f0,"#N/A",6.30331409E8,Berlin,Germany,"#N/A","#N/A","#N/A","#N/A",Berlin,Friedrich-Ebert-Allee 140,Tara Shea Micko Hospital is the leader in Healthcare in Berlin,"#N/A",Healthcare,false,"#N/A",Yozio,"#N/A","#N/A","#N/A","#N/A","#N/A","#N/A","#N/A","#N/A","#N/A","#N/A","#N/A","#N/A",Customer,"#N/A"
b18d22c0-bb51-4e31-ad1f-c34813e85086,"#N/A",2.87538616E8,Victoria Park,Australia,"#N/A","#N/A","#N/A",6100,WA,27 Temple St,LexCorp is the leader in Banking in Victoria Park,"#N/A",Banking,false,"#N/A",Trilith,"#N/A","#N/A",(08) 7764 6096,Victoria Park,Australia,"#N/A","#N/A","#N/A",6100,WA,27 Temple St,"#N/A",Customer,"#N/A"
b5c6c3cc-2109-4c0f-8895-9aeb814ce618,"#N/A",3.9208E10,New York,United States,"#N/A","#N/A","#N/A",10282-2198,NY,200 West St Bldg 200,"Voltronics, Inc. is the leader in Energy in New York","#N/A",Energy,false,"#N/A",Buzzbean,"#N/A","#N/A",1.212.902.1000,"#N/A","#N/A","#N/A","#N/A","#N/A","#N/A","#N/A","#N/A","#N/A",Prospect,"#N/A"
b6a4069d-65dc-448d-9cff-4f979f5b2bfd,"#N/A",2.9111322E7,Savannah,United States,"#N/A","#N/A","#N/A",31410,GA,50137 Brickson Park Alley,"#N/A","#N/A",Consulting,false,"#N/A",Pixope,"#N/A","#N/A","#N/A","#N/A","#N/A","#N/A","#N/A","#N/A","#N/A","#N/A","#N/A","#N/A",Prospect,"#N/A"
b6bee4ab-9ff3-41cb-8b2e-b5cd2a4b0b2e,"#N/A",4.099E10,Fort Worth,United States,"#N/A","#N/A","#N/A",76155-2664,TX,4333 Amon Carter Blvd,Primary Printing is the leader in Media in Fort Worth,"#N/A",Media,false,"#N/A",Zazio,"#N/A","#N/A",1.817.963.1234,Dallas,US,"#N/A","#N/A","#N/A",75261-9616,TX,P.O. BOX 619616,"#N/A",Prospect,"#N/A"
b8824cab-7554-4f2b-bb2d-88b8f1cf222f,"#N/A",1.38477E11,San Ramon,United States,"#N/A","#N/A","#N/A",94583-2324,CA,6001 Bollinger Canyon Rd,Audioshore is the leader in Technology in San Ramon,"#N/A",Technology,false,"#N/A",Noba,"#N/A","#N/A",1.925.842.1000,"#N/A","#N/A","#N/A","#N/A","#N/A","#N/A","#N/A","#N/A","#N/A",Customer,"#N/A"
b9760f68-df6a-4e05-8531-a82e92bdd4f7,"#N/A",1222212.0,Indianapolis,United States,"#N/A","#N/A","#N/A",46202,IN,71 Miller Hill,"#N/A","#N/A",Utilities,false,"#N/A",Jabbertype,"#N/A","#N/A","#N/A","#N/A","#N/A","#N/A","#N/A","#N/A","#N/A","#N/A","#N/A","#N/A",Prospect,"#N/A"
b98514d9-9ddd-4aca-983a-0ea5baa9f86f,"#N/A",7.20606185E8,Cranbourne East,Australia,"#N/A","#N/A","#N/A",3977,VIC,7 Dartmoor Dr,Milliways is the leader in Engineering in Cranbourne East,"#N/A",Engineering,false,"#N/A",Tavu,"#N/A","#N/A",(03) 6820 8401,Cranbourne East,Australia,"#N/A","#N/A","#N/A",3977,VIC,7 Dartmoor Dr,"#N/A",Prospect,"#N/A"
ba641769-cc0f-4141-abf8-e54f2aa2328d,"#N/A",3.0601E10,Beaverton,United States,"#N/A","#N/A","#N/A",97005-0979,OR,1 SW Bowerman Dr,Gadgetron is the leader in Technology in Beaverton,"#N/A",Technology,false,"#N/A",Topicshots,"#N/A","#N/A",1.503.671.6453,"#N/A","#N/A","#N/A","#N/A","#N/A","#N/A","#N/A","#N/A","#N/A",Prospect,"#N/A"
bb54a6cd-d1d9-4a26-a431-6826192ff095,"#N/A",6.26746894E8,Chatswood,Australia,"#N/A","#N/A","#N/A",2057,NSW,6/14-16 Freeman Rd,Omni Consimer Products is the leader in Government in Chatswood,"#N/A",Government,false,"#N/A",Mynte,"#N/A","#N/A",(02) 6453 6240,Chatswood,Australia,"#N/A","#N/A","#N/A",2057,NSW,6/14-16 Freeman Rd,"#N/A",Customer,"#N/A"
bb881d5d-b216-48d8-a043-66f4719e5809,"#N/A",4.7011E10,Peoria,United States,"#N/A","#N/A","#N/A",61629-0002,IL,100 Ne Adams St,Carthage Automotive is the leader in Automotive in Peoria,"#N/A",Automotive,false,"#N/A",Oloo,"#N/A","#N/A",1.309.675.1000,"#N/A","#N/A","#N/A","#N/A","#N/A","#N/A","#N/A","#N/A","#N/A",Customer,"#N/A"
bc1f5461-1663-404e-9357-1b156b3b6958,"#N/A",2.90807169E8,Algester,Australia,"#N/A","#N/A","#N/A",4115,QLD,16 Hinterland Cr,McMahon and Tate is the leader in Machinery in Algester,"#N/A",Machinery,false,"#N/A",Meejo,"#N/A","#N/A",(07) 6586 8516,Algester,Australia,"#N/A","#N/A","#N/A",4115,QLD,16 Hinterland Cr,"#N/A",Customer,"#N/A"
bc27a35f-939a-44d0-b135-edd5f545cef2,"#N/A",1.01752E11,Saint Louis,United States,"#N/A","#N/A","#N/A",63121-1824,MO,1 Express Way,Rhapsodic AG is the leader in Retail in Saint Louis,"#N/A",Retail,false,"#N/A",Zoomcast,"#N/A","#N/A",1.314.996.0900,"#N/A","#N/A","#N/A","#N/A","#N/A","#N/A","#N/A","#N/A","#N/A",Prospect,"#N/A"
bc85d2cb-a465-40f4-9fce-56d1549bbea6,"#N/A","#N/A","#N/A","#N/A","#N/A","#N/A","#N/A","#N/A",IN,"#N/A","#N/A","#N/A",Education,false,"#N/A",Saint Mary's College,350,"#N/A","#N/A","#N/A","#N/A","#N/A","#N/A","#N/A","#N/A","#N/A","#N/A","#N/A",Customer,"#N/A"
bcea0445-22bb-4adc-9293-af146eeee0aa,"#N/A",2.1153104E7,Houston,United States,"#N/A","#N/A","#N/A",77228,TX,2591 Vidon Court,"#N/A","#N/A",Manufacturing,false,"#N/A",Quatz,"#N/A","#N/A","#N/A","#N/A","#N/A","#N/A","#N/A","#N/A","#N/A","#N/A","#N/A","#N/A",Prospect,"#N/A"
bd5b21a6-e2ea-4928-bccd-c3ea2e49d46e,"#N/A",7.3785E10,Minneapolis,United States,"#N/A","#N/A","#N/A",55403-2542,MN,1000 Nicollet Mall,"Equality Consulting, LLC is the leader in Services in Minneapolis","#N/A",Services,false,"#N/A",Shufflester,"#N/A","#N/A",1.612.304.6073,"#N/A","#N/A","#N/A","#N/A","#N/A","#N/A","#N/A",P.O. BOX 81226,"#N/A",Prospect,"#N/A"
bf6a1f4b-05f1-4e20-bb8b-164f8c79b022,"#N/A",3.85068818E8,Cranbourne,Australia,"#N/A","#N/A","#N/A",3977,VIC,40 Toirram Cr,Monarch Playing Card Co. is the leader in Education in Cranbourne,"#N/A",Education,false,"#N/A",Bubblemix,"#N/A","#N/A",(03) 7305 6379,Cranbourne,Australia,"#N/A","#N/A","#N/A",3977,VIC,40 Toirram Cr,"#N/A",Prospect,"#N/A"
c1116883-5c73-47a8-a84a-59509687ead3,"#N/A",1.78663741E8,Canary Wharf,United Kingdom,"#N/A","#N/A","#N/A",E14 5AJ,London,1 Canada Square,St. Francis Hospital is the leader in Healthcare in Canary Wharf,"#N/A",Healthcare,false,"#N/A",Meembee,"#N/A","#N/A","#N/A","#N/A","#N/A","#N/A","#N/A","#N/A","#N/A","#N/A","#N/A","#N/A",Customer,"#N/A"
c1988452-3feb-453f-be6d-ef09de693672,"#N/A",2.5146E10,Hoffman Estates,United States,"#N/A","#N/A","#N/A",60179-0001,IL,3333 Beverly Rd,SocialScaling is the leader in Communications in Hoffman Estates,"#N/A",Communications,false,"#N/A",Jabbersphere,"#N/A","#N/A",1.847.286.2500,"#N/A","#N/A","#N/A","#N/A","#N/A","#N/A","#N/A","#N/A","#N/A",Customer,"#N/A"
c2faa3c4-dceb-4ad3-941c-f42897c900e1,"#N/A","#N/A",Brighton,USA,"#N/A","#N/A","#N/A",80020,Colorado,5678 Victory Rd,Alexa Roberts is the leader in Machinery in Brighton,"#N/A",Machinery,false,"#N/A",Dabtype,"#N/A","#N/A","#N/A","#N/A","#N/A","#N/A","#N/A","#N/A","#N/A","#N/A","#N/A","#N/A",Prospect,"#N/A"
c3142da6-11e0-46f4-bfc1-3a6993f29930,"#N/A","#N/A",Broomfield,USA,"#N/A","#N/A","#N/A",80020,Colorado,1234 Hilltop Road,Rachel Adams is the leader in Healthcare in Broomfield,"#N/A",Healthcare,false,"#N/A",Vimbo,"#N/A","#N/A","#N/A","#N/A","#N/A","#N/A","#N/A","#N/A","#N/A","#N/A","#N/A","#N/A",Prospect,"#N/A"
c33618ed-92a2-4ac5-8e9f-bba6ec3cd73f,"#N/A",7.0074E10,New Brunswick,United States,"#N/A","#N/A","#N/A",08933-0002,NJ,1 Johnson and Johnson Plz,Budgetworks is the leader in Financial Services in New Brunswick,"#N/A",Financial Services,false,"#N/A",Blognation,"#N/A","#N/A",1.732.524.0400,Neenah,US,"#N/A","#N/A","#N/A",54957-0767,WI,P.O. BOX 767,"#N/A",Customer,"#N/A"
c76436c4-6b79-49b2-8328-74f2bbfc58a2,"#N/A",2.4638374E7,San Jose,United States,"#N/A","#N/A","#N/A",95113,CA,5565 Maple Wood Street,"#N/A","#N/A",Retail,false,"#N/A",Browsezoom,"#N/A","#N/A","#N/A","#N/A","#N/A","#N/A","#N/A","#N/A","#N/A","#N/A","#N/A","#N/A",Prospect,"#N/A"
cbbd7114-5ca4-41b3-a626-036ade60b972,"#N/A",5.45137679E8,Bibra Lake,Australia,"#N/A","#N/A","#N/A",6163,WA,13 Joshua Cl,PK North is the leader in Healthcare in Bibra Lake,"#N/A",Healthcare,false,"#N/A",Jazzy,"#N/A","#N/A",(08) 7593 7049,Bibra Lake,Australia,"#N/A","#N/A","#N/A",6163,WA,13 Joshua Cl,"#N/A",Prospect,"#N/A"
cbc984f8-778e-4718-a03c-da4080d284c6,"#N/A",2.3697E10,New York,United States,"#N/A","#N/A","#N/A",10023-5860,NY,60 Columbus Cir FL 17,Thrift Bank is the leader in Finance in New York,"#N/A",Finance,false,"#N/A",Jaxworks,"#N/A","#N/A",1.212.364.8200,"#N/A","#N/A","#N/A","#N/A","#N/A","#N/A","#N/A",6/10 Mount St,"#N/A",Customer,"#N/A"
ce164e7e-433b-4b5d-bc71-2c388e48bb00,"#N/A",1.9687E10,Springfield,United States,"#N/A","#N/A","#N/A",01111-0001,MA,1295 State St,Sirius Cybernetics Corporation is the leader in Manufacturing in Springfield,"#N/A",Manufacturing,false,"#N/A",Digitube,"#N/A","#N/A",1.413.788.8411,"#N/A","#N/A","#N/A","#N/A","#N/A","#N/A","#N/A","#N/A","#N/A",Prospect,"#N/A"
d0521ae4-a009-45c0-b4c4-62baa67265be,"#N/A","#N/A",Toronto,Canada,"#N/A","#N/A","#N/A",L4B 1Y3,Ontario,150 Chestnut Street,"GBM is the worldwide leader in technology news and information on the Web and the producer of the longest-running and farthest-reaching television shows about technology. GBM's network of sites combines breakthrough interactive technology with engaging content and design and is consistently ranked as the Internet's leading content network in terms of both audience size and revenue, serving millions of users each day. The company's television programming is broadcast by the USA Network and the Sci-Fi Channel to more than 70 million households and is syndicated to broadcast television stations in the nation's top 120 markets, including the top 10 markets.","#N/A",Corporate Office,false,"#N/A",Global Media,14668,"#N/A",(905) 555-1212,Toronto,Canada,"#N/A","#N/A","#N/A",L4B 1Y3,Ontario,150 Chestnut Street,"#N/A",Prospect,"#N/A"
d0a56c1a-72d1-4cf6-993d-3ac42273b6be,"#N/A",2.8987E10,New York,United States,"#N/A","#N/A","#N/A",10036-8701,NY,1211 Ave of The Americas,Enginomics is the leader in Automotive in New York,"#N/A",Automotive,false,"#N/A",Twiyo,"#N/A","#N/A",1.212.852.7000,"#N/A","#N/A","#N/A","#N/A","#N/A","#N/A","#N/A",178 Campbell Parade,"#N/A",Customer,"#N/A"
d2bba2e7-473d-4318-afb2-1a44be2244a8,"#N/A",1.02531E11,Dublin,United States,"#N/A","#N/A","#N/A",43017-1091,OH,7000 Cardinal Pl,Sombra Corporation is the leader in Construction in Dublin,"#N/A",Construction,false,"#N/A",Eazzy,"#N/A","#N/A",1.614.757.5000,"#N/A","#N/A","#N/A","#N/A","#N/A","#N/A","#N/A","#N/A","#N/A",Prospect,"#N/A"
d323af74-9655-4edf-8316-8746ff7d6a25,"#N/A","#N/A","#N/A","#N/A","#N/A","#N/A","#N/A","#N/A","#N/A","#N/A","#N/A","#N/A","#N/A",false,"#N/A",McDonalds,"#N/A","#N/A","#N/A","#N/A","#N/A","#N/A","#N/A","#N/A","#N/A","#N/A","#N/A","#N/A","#N/A","#N/A"
d40b5a99-c0a4-4353-b849-0f690a74ed32,"#N/A",5.25079613E8,Paris,France,"#N/A","#N/A","#N/A","#N/A",Paris,30 Avenue Montaigne,St. Francis South Side is the leader in Healthcare in Paris,"#N/A",Healthcare,false,"#N/A",Edgepulse,"#N/A","#N/A","#N/A","#N/A","#N/A","#N/A","#N/A","#N/A","#N/A","#N/A","#N/A","#N/A",Customer,"#N/A"
d5afeaea-971e-40ea-b1da-0ac5a9bad567,"#N/A",5.4289E10,Louisville,United States,"#N/A","#N/A","#N/A",40202-4268,KY,500 W Main St Ste 300,Ankh-Sto Associates is the leader in Apparel in Louisville,"#N/A",Apparel,false,"#N/A",Topicblab,"#N/A","#N/A",1.502.580.1000,Louisville,US,"#N/A","#N/A","#N/A",40214-0601,KY,P.O. BOX 14601,"#N/A",Customer,"#N/A"
d5f64552-3517-4747-9d1c-f20c5ceb8abc,"#N/A",9.3056E10,Charlotte,United States,"#N/A","#N/A","#N/A",28202-4031,NC,100 N Tryon St Ste 220,Velso International is the leader in Manufacturing in Charlotte,"#N/A",Manufacturing,false,"#N/A",Dynazzy,"#N/A","#N/A",1.704.386.5681,"#N/A","#N/A","#N/A","#N/A","#N/A","#N/A","#N/A","#N/A","#N/A",Customer,"#N/A"
d702fe39-2c18-4ac8-9220-c6fcfc0be4e8,"#N/A",1.4139579037E10,New York,United States,"#N/A","#N/A","#N/A",10010-1655,NY,51 Madison Ave Bsmt 1b,Athena Theraputics is the leader in Healthcare in New York,"#N/A",Healthcare,false,"#N/A",Skimia,"#N/A","#N/A",1.212.576.7000,"#N/A","#N/A","#N/A","#N/A","#N/A","#N/A","#N/A","#N/A","#N/A",Prospect,"#N/A"
d8c45056-4fa0-46de-ab5d-912493e931c4,"#N/A",4.93945873E8,Bacchus Marsh,Australia,"#N/A","#N/A","#N/A",3340,VIC,57 Clifton Dr,PK South is the leader in Healthcare in Bacchus Marsh,"#N/A",Healthcare,false,"#N/A",Gigaclub,"#N/A","#N/A",(03) 6472 8807,Bacchus Marsh,Australia,"#N/A","#N/A","#N/A",3340,VIC,57 Clifton Dr,"#N/A",Customer,"#N/A"
d901d6f4-3f47-4c6f-a022-849247ac22db,"#N/A",9.02787175E8,Melbourne,Australia,"#N/A","#N/A","#N/A",3000,VIC,350 Collins Street,Extensive Enterprise is the leader in Construction in Melbourne,"#N/A",Construction,false,"#N/A",Zoovu,"#N/A","#N/A",(03) 8967 7597,Melbourne,Australia,"#N/A","#N/A","#N/A",3000,VIC,350 Collins Street,"#N/A",Customer,"#N/A"
da7321b3-794e-4517-8b2d-a999c1b1a2e3,"#N/A",9.05588171E8,Lansvale,Australia,"#N/A","#N/A","#N/A",2166,NSW,4 Riverside Rd,Sixty Second Avenue is the leader in Agriculture in Lansvale,"#N/A",Agriculture,false,"#N/A",Zoomlounge,"#N/A","#N/A",(02) 6837 7271,Lansvale,Australia,"#N/A","#N/A","#N/A",2166,NSW,4 Riverside Rd,"#N/A",Customer,"#N/A"
db7f4377-1c66-4bfe-abbd-99a29e01746c,"#N/A","#N/A","#N/A","#N/A","#N/A","#N/A","#N/A","#N/A",IN,"#N/A","#N/A","#N/A",Education,false,"#N/A",Notre Dame University,1309,"#N/A","#N/A","#N/A","#N/A","#N/A","#N/A","#N/A","#N/A","#N/A","#N/A","#N/A",Prospect,"#N/A"
de042001-bad0-433a-a215-2c381f779745,"#N/A",6.9951E10,New York,United States,"#N/A","#N/A","#N/A",10166-0188,NY,200 Park Ave FL 1200,Synaptic Networking Solutions is the leader in Communications in New York,"#N/A",Communications,false,"#N/A",DabZ,"#N/A","#N/A",1.212.578.2211,"#N/A","#N/A","#N/A","#N/A","#N/A","#N/A","#N/A","#N/A","#N/A",Prospect,"#N/A"
df856be8-4794-4086-878e-98aa993de2df,"#N/A","#N/A","#N/A","#N/A","#N/A","#N/A","#N/A","#N/A","#N/A","#N/A","#N/A","#N/A",Hospitality,false,"#N/A",IHG Hotels & Resorts,9636,"#N/A","#N/A","#N/A","#N/A","#N/A","#N/A","#N/A","#N/A","#N/A","#N/A","#N/A",Prospect,"#N/A"
e0164a0e-bd89-46c8-9242-93de11c70055,"#N/A",4.0704E10,Atlanta,United States,"#N/A","#N/A","#N/A",30354-1989,GA,1030 Delta Blvd,Taggart Transcontinental is the leader in Shipping in Atlanta,"#N/A",Shipping,false,"#N/A",Layo,"#N/A","#N/A",1.404.715.2600,Atlanta,US,"#N/A","#N/A","#N/A",30320-6001,GA,P.O. BOX 20706,"#N/A",Customer,"#N/A"
e430be55-bed8-4bc4-8a74-3ffd1861316d,"#N/A",9.0033E10,San Francisco,United States,"#N/A","#N/A","#N/A",94104-1205,CA,420 Montgomery St Frnt,Cryptocurrents is the leader in Financial Services in San Francisco,"#N/A",Financial Services,false,"#N/A",Trunyx,"#N/A","#N/A",1.866.878.5865,"#N/A","#N/A","#N/A","#N/A","#N/A","#N/A","#N/A",420 Montgomery St Frnt,"#N/A",Prospect,"#N/A"
e506bb85-444a-4c7d-91d2-9b33bd136d44,"#N/A",1.17386E11,Fairfield,United States,"#N/A","#N/A","#N/A",06828-0001,CT,3135 Easton Tpke,"Signal Processing, LLC is the leader in Technology in Fairfield","#N/A",Technology,false,"#N/A",Vitz,"#N/A","#N/A",1.203.373.2211,"#N/A","#N/A","#N/A","#N/A","#N/A","#N/A","#N/A","#N/A","#N/A",Customer,"#N/A"
e54d9a07-f23a-4763-bbf4-626700a3bf7b,"#N/A","#N/A","#N/A","#N/A","#N/A","#N/A","#N/A","#N/A","#N/A","#N/A","#N/A","#N/A",Restaurant,false,"#N/A",Shake Shack,"#N/A","#N/A","#N/A","#N/A","#N/A","#N/A","#N/A","#N/A","#N/A","#N/A","#N/A","#N/A",Customer,"#N/A"
e6b49f33-1d59-4339-b6e4-874fc4820d34,"#N/A",6.52105621E8,Bavaria,Germany,"#N/A","#N/A","#N/A","#N/A",Essen,45131 Brüsseler Platz,Tessier-Ashpool is the leader in Government in Bavaria,"#N/A",Government,false,"#N/A",Eidel,"#N/A","#N/A","#N/A","#N/A","#N/A","#N/A","#N/A","#N/A","#N/A","#N/A","#N/A","#N/A",Customer,"#N/A"
e80fd1a7-7367-4c09-a177-6e672a1da97c,"#N/A",3317099.0,Houston,United States,"#N/A","#N/A","#N/A",77240,TX,6051 Northridge Park,"#N/A","#N/A",Consulting,false,"#N/A",Gevee,"#N/A","#N/A","#N/A","#N/A","#N/A","#N/A","#N/A","#N/A","#N/A","#N/A","#N/A","#N/A",Prospect,"#N/A"
e81b69de-f221-46d0-a225-f58602d51fe6,"#N/A","#N/A","#N/A","#N/A","#N/A","#N/A","#N/A","#N/A","#N/A","#N/A","#N/A","#N/A",Restaurant,false,"#N/A",KFC,500,"#N/A","#N/A","#N/A","#N/A","#N/A","#N/A","#N/A","#N/A","#N/A","#N/A","#N/A",Customer,"#N/A"
e8866c8b-18ea-4da0-9625-e37d7721cc26,"#N/A",2.4520919E7,Pueblo,United States,"#N/A","#N/A","#N/A",81005,CO,336 Erie Plaza,"#N/A","#N/A",Utilities,false,"#N/A",Linklinks,"#N/A","#N/A","#N/A","#N/A","#N/A","#N/A","#N/A","#N/A","#N/A","#N/A","#N/A","#N/A",Prospect,"#N/A"
e8915bbf-f7c3-4296-82d3-796482937f2b,"#N/A",7.91565E10,Indianapolis,United States,"#N/A","#N/A","#N/A",46204-4902,IN,120 Monument Cir Ste 200,Kellerman Corp. is the leader in Consumer Goods in Indianapolis,"#N/A",Consumer Goods,false,"#N/A",Rhynyx,"#N/A","#N/A",1.317.488.6000,"#N/A","#N/A","#N/A","#N/A","#N/A","#N/A","#N/A","#N/A","#N/A",Customer,"#N/A"
eb1461ad-b11e-41d7-a6f6-eacb79171078,"#N/A",7.2258E10,Findlay,United States,"#N/A","#N/A","#N/A",45840-3229,OH,539 S Main St,Claton Gardner Hospital is the leader in Healthcare in Findlay,"#N/A",Healthcare,false,"#N/A",Topdrive,"#N/A","#N/A",1.419.422.2121,"#N/A","#N/A","#N/A","#N/A","#N/A","#N/A","#N/A","#N/A","#N/A",Prospect,"#N/A"
ec0d33e9-a0de-4040-990d-81f5eb170735,"#N/A",3.0944938E10,Framingham,United States,"#N/A","#N/A","#N/A",01701-4698,MA,770 Cochituate Rd Ste 1,Prandial Foods is the leader in Consumer Goods in Framingham,"#N/A",Consumer Goods,false,"#N/A",Yodel,"#N/A","#N/A",1.508.390.1000,Framingham,US,"#N/A","#N/A","#N/A",01701-9133,MA,P.O. BOX 9133,"#N/A",Customer,"#N/A"
ef7b6bbe-f205-4dd3-a4b6-58f7d94f2900,"#N/A","#N/A","#N/A","#N/A","#N/A","#N/A","#N/A","#N/A","#N/A","#N/A","#N/A","#N/A","#N/A",false,"#N/A",Sample Account for Entitlements,"#N/A","#N/A","#N/A","#N/A","#N/A","#N/A","#N/A","#N/A","#N/A","#N/A","#N/A","#N/A","#N/A","#N/A"
f3c45773-7499-4db0-a182-cc1eec34e68e,"#N/A",1.07006E11,Seattle,United States,"#N/A","#N/A","#N/A",98109-5210,WA,410 Terry Ave N,Heimdall College of Optometry is the leader in Higher Education in Seattle,"#N/A",Higher Education,false,"#N/A",Bluezoom,"#N/A","#N/A",1.206.266.1000,Seattle,US,"#N/A","#N/A","#N/A",98108-1300,WA,P.O. BOX 81226,"#N/A",Prospect,"#N/A"
f3dae4fb-ae36-4a11-8171-abec912d02dd,"#N/A","#N/A","#N/A","#N/A","#N/A","#N/A","#N/A","#N/A",MD,"#N/A","#N/A","#N/A",Hospitality,false,"#N/A",Marriott Hotels,170234,"#N/A","#N/A","#N/A","#N/A","#N/A","#N/A","#N/A","#N/A","#N/A","#N/A","#N/A",Customer,"#N/A"
f3e34ce3-2a13-4cbc-b48c-e9ffe42bb814,"#N/A",4.12752795E8,Avoca Beach,Australia,"#N/A","#N/A","#N/A",2251,NSW,18 Hillside Rd,CL North is the leader in Healthcare in Avoca Beach,"#N/A",Healthcare,false,"#N/A",Photolist,"#N/A","#N/A",(02) 7233 8627,Avoca Beach,Australia,"#N/A","#N/A","#N/A",2251,NSW,18 Hillside Rd,"#N/A",Customer,"#N/A"
f43d6aa3-5c6e-43d3-9255-5eaa02186a7b,"#N/A",2.68882E11,Irving,United States,"#N/A","#N/A","#N/A",75039-2298,TX,5959 Las Colinas Blvd,"Custom Metal, LLC is the leader in Automotive in Irving","#N/A",Automotive,false,"#N/A",Realfire,"#N/A","#N/A",1.972.444.1000,"#N/A","#N/A","#N/A","#N/A","#N/A","#N/A","#N/A","#N/A","#N/A",Customer,"#N/A"
f449bfd7-7c27-40be-af83-8af38e83b95f,"#N/A",5.6771552999E10,Boise,United States,"#N/A","#N/A","#N/A",83706-3999,ID,250 E Parkcenter Blvd,Spruik Communications is the leader in Communications in Boise,"#N/A",Communications,false,"#N/A",Skyvu,"#N/A","#N/A",1.208.395.6200,"#N/A","#N/A","#N/A","#N/A","#N/A","#N/A","#N/A","#N/A","#N/A",Prospect,"#N/A"
fb90275d-f07b-4645-91aa-f41afe5c09de,"#N/A",7.20606185E8,Turin,Italy,"#N/A","#N/A","#N/A","#N/A",Turin,"Via Nizza, 250",TF North is the leader in Healthcare in Turin,"#N/A",Healthcare,false,"#N/A",Realcube,"#N/A","#N/A","#N/A","#N/A","#N/A","#N/A","#N/A","#N/A","#N/A","#N/A","#N/A","#N/A",Customer,"#N/A"
fc38164e-4732-485a-8183-61e6916f096d,"#N/A",7.40417719E8,Paris,France,"#N/A","#N/A","#N/A","#N/A","#N/A",75 Avenue de la Grande Armée,Universal Export is the leader in Shipping,"#N/A",Shipping,false,"#N/A",Talane,"#N/A","#N/A","#N/A","#N/A","#N/A","#N/A","#N/A","#N/A","#N/A","#N/A","#N/A","#N/A",Customer,"#N/A"
fccae9e2-33c3-4b2b-9e86-e0b447569233,"#N/A",2.3633E10,Houston,United States,"#N/A","#N/A","#N/A",77032-3299,TX,3000 N Sam Houston Pkwy E,Systym Vitals is the leader in Technology in Houston,"#N/A",Technology,false,"#N/A",Twinder,"#N/A","#N/A",1.281.871.2699,"#N/A","#N/A","#N/A","#N/A","#N/A","#N/A","#N/A","#N/A","#N/A",Prospect,"#N/A"
fe425517-98e5-4531-8dad-1741d41085fd,"#N/A",7.9457611E7,Paris,France,"#N/A","#N/A","#N/A","#N/A",Paris,75716,Sto Plains Holdings is the leader in Agriculture in Paris,"#N/A",Agriculture,false,"#N/A",Plambee,"#N/A","#N/A","#N/A","#N/A","#N/A","#N/A","#N/A","#N/A","#N/A","#N/A","#N/A","#N/A",Customer,"#N/A"
fe81b6bd-d036-4aec-8fb6-0c189e69177e,"#N/A",2.89485471E8,Ballarat Central,Australia,"#N/A","#N/A","#N/A",3350,VIC,50 Loch Av,Incom Corporation is the leader in Manufacturing in Ballarat Central,"#N/A",Manufacturing,false,"#N/A",Realbridge,"#N/A","#N/A",(03) 8300 7460,Ballarat Central,Australia,"#N/A","#N/A","#N/A",3350,VIC,50 Loch Av,"#N/A",Prospect,"#N/A"
